label,Antigenicity_structure,Epistatic_Antigenicity_structure,DMS score,position,Antigenicity_structure_rank,Epistatic_Antigenicity_structure_rank,delta_rank
P89N,0.14959,0.09224833333333332,0.0164218,89,461,36,-425
A90H,0.06495,0.12915416666666665,0.1976776,90,247,370,123
P141N,0.13925,0.17744666666666667,0.0172,141,447,537,90
N142E,0.0515,0.18346,0.0172,142,201,541,340
V150A,0.44974,0.24785,0.0097076,150,557,553,-4
S153I,0.18528,0.25886166666666666,0.3984215,153,503,555,52
R155T,0.36763,0.19493999999999995,0.0106068,155,555,546,-9
G156I,0.26629,0.15949000000000002,0.0172,156,542,505,-37
K157E,0.23275,0.24845,0.3133705,157,531,554,23
S158T,0.34194,0.19342875,0.099436,158,551,544,-7
F160R,0.03081,0.1718621428571429,0.0172,160,143,529,386
K169F,0.22308,0.1246425,0.0172,169,525,341,-184
K170V,0.23136,0.1255321052631579,0.0101265,170,529,349,-180
G171Q,0.20969,0.12266,0.2076496,171,516,324,-192
D172A,0.28761,0.13702333333333336,0.0144955,172,546,432,-114
K176H,0.15506,0.121155,0.0118282,176,472,308,-164
T178T,0.09396,0.13694875,NA,178,352,431,79
N179T,0.06915,0.120262,0.0182712,179,261,303,42
S180M,0.12983,0.1293425,0.0220168,180,428,371,-57
G186Y,0.08632,0.11437691176470588,0.0172,186,326,241,-85
V195P,0.00134,0.12939166666666668,0.016555,195,2,372,370
E203P,0.19737,0.150595,0.0172,203,513,485,-28
Q205M,0.25939,0.16406266666666666,0.0159661,205,540,517,-23
S206T,0.36867,0.16007875,0.0221685,206,556,508,-48
S209G,0.09744,0.174464,0.0075882,209,359,532,173
G211D,0.15021,0.12359125,0.0240109,211,462,333,-129
N223A,0.20659,0.15195,0.0159925,223,515,490,-25
A232P,0.35321,0.15521,0.0183666,232,552,499,-53
G253C,0.06231,0.10905936507936508,0.0159598,253,239,175,-64
P298L,0.02075,0.1221425,0.0174313,298,108,321,213
I388A,0.129,0.1077522222222222,0.0172,388,426,157,-269
K466N,0.05228,0.12295133333333334,0.0222467,466,205,329,124
V526W,0.06537,0.08622285714285714,0.0128601,526,251,12,-239
