position,disco_acc,max_epi_acc,rank_epi,rank_acc,rank_delta
124,0.14876,0.05619363488173872,651,821,-170
127,0.05266,0.048180155597486514,369,574,-205
128,0.08885,0.054579049226229984,615,743,-128
130,0.0809,0.05919504745351011,719,711,8
159,0.02116,0.07585277781887113,841,270,571
160,0.06113,0.0627741658840918,759,623,136
161,0.01741,0.05598506049688028,648,218,430
162,0.05943,0.050100878087115684,446,616,-170
165,0.10637,0.06149043658817964,749,777,-28
167,0.12756,0.06478044571820098,774,802,-28
169,0.11632,0.06876886318412821,801,791,10
170,0.14524,0.06105147885415599,744,817,-73
171,0.15145,0.07017171076730384,813,823,-10
172,0.05562,0.059508776954488016,727,595,132
173,0.06879,0.05990564267521772,730,655,75
174,0.00998,0.05300527459440248,567,113,454
223,0.01721,0.043859818959700404,252,215,37
305,0.06755,0.07113406502771875,819,649,170
306,0.15422,0.057253431069206315,672,827,-155
309,0.0214,0.06655415594783065,789,275,514
315,0.06622,0.06818777852368545,799,644,155
332,0.02618,0.0654720503893866,779,330,449
337,0.02819,0.05747536531433092,680,349,331
