position,max_epi_access,ref,Accessibility,rank,rank_epi,rank_acc,delta_rank
417,0.727342549923195,K,0.709677419354839,113,1008,976,32
444,0.8202764976958525,K,0.870967741935484,34,1087,1091,-4
445,0.7542242703533025,V,0.933179723502304,85,1036,1115,-79
446,0.8632872503840247,G,0.928571428571428,18,1103,1114,-11
447,0.902073732718894,G,0.873271889400922,8,1113,1092,21
448,0.933179723502304,N,0.721198156682028,2,1119,990,129
449,0.8421658986175116,Y,0.788018433179724,22,1099,1055,44
452,0.7154377880184335,L,0.622119815668203,127,994,849,145
456,0.7330261136712751,F,0.638248847926267,103,1018,878,140
472,0.7253127057274522,I,0.605990783410138,116,1005,814,191
484,0.7523041474654375,E,0.692780337941628,86,1035,951,84
485,0.740399385560676,G,0.703533026113671,97,1024,967,57
486,0.6768049155145928,F,0.748847926267281,179,942,1016,-74
490,0.7289554531490016,F,0.631336405529954,110,1011,865,146
494,0.6748591909882232,S,0.709677419354839,183,938,977,-39
496,0.7807768268597762,G,0.817972350230415,59,1062,1070,-8
498,0.873271889400922,Q,0.861751152073733,15,1106,1085,21
499,0.8087557603686635,P,0.873271889400922,36,1085,1093,-8
501,0.8310291858678953,N,0.799539170506912,26,1095,1059,36
