position,entropy,virus,domain,pos_start,pos_end
1,0.5990938335074055,Influenza,Signal peptide,1,16
17,0.00204691347609787,Influenza,HA1 subunit,17,344
345,7.5586817128463e-4,Influenza,HA2 subunit,345,530
531,0.02940064087704719,Influenza,Cytoplasmic tail,499,566
1,0.4611489514238766,HIV,Signal peptide,1,30
31,0.3080188798706162,HIV,C1-V1/V2,31,132
133,0.5364999609180006,HIV,C2-V3 loop,133,255
256,0.5214699893483906,HIV,C3-V4/V5,256,370
371,0.469156689735029,HIV,C4,371,511
512,0.03135437015728852,HIV,Fusion peptide,512,526
527,0.3770698918984964,HIV,NHR,527,552
553,0.21331523101652256,HIV,Disulfide loop,553,590
591,0.1971319421019288,HIV,CHR,591,643
644,0.1459317794995437,HIV,MPER,644,683
684,0.3942189433692774,HIV,MSD,684,706
707,0.1460662888964287,HIV,Cyto-tail conserved,707,750
751,0.15102154163648265,HIV,C-terminal tail,751,857
1,0.15216835449035407,SARS-CoV-2,Signal peptide,1,13
14,0.6693439838351749,SARS-CoV-2,N-terminal domain (NTD),14,305
306,0.41763527217422974,SARS-CoV-2,Receptor-binding motif (RBM),306,330
331,0.6083899846883654,SARS-CoV-2,Receptor-binding domain (RBD),331,583
584,0.36138420548513506,SARS-CoV-2,S1/S2 cleavage region,584,808
809,0.3285364860461363,SARS-CoV-2,S2 subunit,809,1200
1201,0.3607631694395581,SARS-CoV-2,C-terminal tail,1201,1255
1,0.2659851012313177,Marburg,ED/NTD,1,289
290,0.37039011395609384,Marburg,MLD,290,502
529,0.14465173570286635,Marburg,FP,529,549
649,0.17057895087263877,Marburg,TMD,649,669
670,0.19608201992784535,Marburg,CTD,670,681
1,0.7171124822654016,Bornavirus,Signal Peptide,1,20
21,0.4136283921995501,Bornavirus,binding domain,21,274
275,0.412706960010636,Bornavirus,Fusion Peptide,275,315
316,0.00623405504466877,Bornavirus,Membrane/Transmembrane domain,316,492
493,0.28698029819046883,Bornavirus,C-tail,493,503
1,0.5146320454504208,Orthonairovirus,Domain I,1,1
65,0.3736564862912831,Orthonairovirus,Domain II,1,65
155,0.01336889044997582,Orthonairovirus,Domain I,1,155
196,0.17226677217927372,Orthonairovirus,Domain II,2,196
347,0.46517098708434296,Orthonairovirus,Domain I,3,347
367,0.16767111961474818,Orthonairovirus,Domain III,367,521
522,0.23619076765689412,Orthonairovirus,Stem,522,534
